{
    "ellis": {
        "major": [
            0.800948826032969,
            0.12002913578585354,
            0.7153545770468321,
            0.10624748769086148,
            0.831779567052679,
            0.3362629977355766,
            0.28299395136256716,
            1.0,
            0.10831614547043944,
            0.5621184704118666,
            0.11133010855011582,
            0.6283673526250828
        ],
        "minor": [
            0.7669918625165603,
            0.11765332148477221,
            0.6629468103944287,
            0.5750396540541192,
            0.18274326294926838,
            0.496859178195437,
            0.19665226730394075,
            1.0,
            0.31090731661191356,
            0.32240073444023576,
            0.4868524299833811,
            0.2704109587151384
        ]
    },
    "hpcp": {
        "major": [
            0.9764828893299551,
            0.1594169488910828,
            0.7128411402666947,
            0.16287067356435592,
            0.7593796634032287,
            0.5359840175973827,
            0.2814918557395713,
            1.0,
            0.17746893783636628,
            0.6046917195844315,
            0.20622218862695113,
            0.5748701215661173
        ],
        "minor": [
            0.9468343417433925,
            0.19224060331290582,
            0.6908072779093096,
            0.6791306752930939,
            0.24908684349792196,
            0.636345471265713,
            0.2516726241129682,
            1.0,
            0.44300183332836635,
            0.3336240588510024,
            0.538321098909888,
            0.3737582300948452
        ]
    },
    "toolbox_cens": {
        "major": [
            0.9206820074199877,
            0.06254724882423489,
            0.6350372145252505,
            0.06732913071044984,
            0.7593983036389516,
            0.41524122600407926,
            0.18382448443304827,
            1.0,
            0.07310937734739244,
            0.4993960119473521,
            0.0704111040096964,
            0.5402685353289723
        ],
        "minor": [
            0.8815547136730677,
            0.06615447537596612,
            0.6711880695053791,
            0.6552064212631802,
            0.09793934073193011,
            0.5064135977511997,
            0.16511257377332547,
            1.0,
            0.3457517573896794,
            0.23323204334620157,
            0.40111054577856053,
            0.2948529472289216
        ]
    },
    "toolbox_clp": {
        "major": [
            0.936743599943091,
            0.2411750495773944,
            0.7097633931552707,
            0.22299583927342614,
            0.7886356707538378,
            0.47729671816521524,
            0.3788989317995069,
            1.0,
            0.24279439390727936,
            0.5900375423549189,
            0.22322864252303204,
            0.663358777739387
        ],
        "minor": [
            0.8888940454401746,
            0.20270343803388435,
            0.7252450248142914,
            0.6719460727866551,
            0.25075191219424475,
            0.5522668747335111,
            0.3075465032297738,
            1.0,
            0.3910833301910599,
            0.3731495151713796,
            0.4953325347124531,
            0.404813595505292
        ]
    },
    "toolbox_cp": {
        "major": [
            0.928386871832399,
            0.10952816919146714,
            0.6454023308502921,
            0.11557038353901607,
            0.7589860098605754,
            0.4239907757613839,
            0.2254007267501593,
            1.0,
            0.1195324246967786,
            0.5167655640798229,
            0.1147142580639174,
            0.545158136433356
        ],
        "minor": [
            0.874285070164006,
            0.1144868412890781,
            0.6773630953135286,
            0.6474237847276649,
            0.15358303657839498,
            0.5265973575192777,
            0.20703914497226328,
            1.0,
            0.36476285506375417,
            0.2726568143360148,
            0.426423139748398,
            0.3190928536697452
        ]
    },
    "toolbox_crp": {
        "major": [
            0.6757254824004925,
            -0.9873118709325722,
            0.6066591085475629,
            -0.5261453837340815,
            0.7740979953937961,
            -0.35190783500536843,
            -0.629694561423661,
            1.0,
            -0.6156007148655424,
            0.491159867943592,
            -0.6804643863630764,
            0.2622519593326687
        ],
        "minor": [
            0.697373762974723,
            -1.0,
            0.36609775230495456,
            0.40384096105659023,
            -0.3748875608259975,
            0.16101883691441254,
            -0.5277868005544798,
            0.8818770986378244,
            -0.4440222942489455,
            -0.15164818530753335,
            0.173356110121586,
            -0.15580553873233144
        ]
    }
}